<?xml version="1.0" encoding="UTF-8"?>
<!--SCORM 1.2 Content Package document generated by HotPotatoes: Masher Version 6.3 Release 0 Build 5.-->
<manifest xmlns="http://www.imsproject.org/xsd/imscp_rootv1p1p2" xmlns:imsmd="http://www.imsglobal.org/xsd/imsmd_rootv1p2p1" xmlns:xsi="http://www.w3.org/2001/XMLSchema-instance" xmlns:adlcp="http://www.adlnet.org/xsd/adlcp_rootv1p2" identifier="MANIFEST-9C35BD68-D270-417E-A7DA-B2D637EABC5B" xsi:schemaLocation="http://www.imsproject.org/xsd/imscp_rootv1p1p2 imscp_rootv1p1p2.xsd http://www.imsglobal.org/xsd/imsmd_rootv1p2p1 imsmd_rootv1p2p1.xsd http://www.adlnet.org/xsd/adlcp_rootv1p2 adlcp_rootv1p2.xsd">
  <metadata>
    <imsmd:lom>
      <imsmd:general>
        <imsmd:identifier />
        <imsmd:title>
          <imsmd:langstring xml:lang="en"></imsmd:langstring>
        </imsmd:title>
      </imsmd:general>
    </imsmd:lom>
  </metadata>
  <organizations default="ORG-F573CF1C-B5A1-4B02-A71E-B3F7D9A00336">
    <organization identifier="ORG-F573CF1C-B5A1-4B02-A71E-B3F7D9A00336" structure="hierarchical">
      <title>Organization</title>
      <item identifier="ITEM-C5BA4050-8AA1-4363-9F26-CF54C57DC836" identifierref="RES-EF0026B8-CF27-48D5-9A47-83A5766E4143" isvisible="true">
        <title></title>
		
      </item><item identifier="ITEM-23A25EA8-799C-4DA8-8E2B-92C4D40F7F9E" identifierref="RES-AF4A6732-1485-4F73-BF00-59EAE22C6FF6" isvisible="true">
        <title>&#x0395;&#x03C1;&#x03C9;&#x03C4;&#x03AE;&#x03C3;&#x03B5;&#x03B9;&#x03C2; &#x0393;&#x03BD;&#x03CE;&#x03C3;&#x03B7;&#x03C2;- &#x03BA;&#x03B1;&#x03C4;&#x03B1;&#x03BD;&#x03CC;&#x03B7;&#x03C3;&#x03B7;&#x03C2;</title>
		
      </item><item identifier="ITEM-F7DC42C1-8833-4F86-99E8-530BD317DA6D" identifierref="RES-53ACA06C-B309-4DB8-A9AB-0A6BB5BE0B3E" isvisible="true">
        <title>&#x0395;&#x03C1;&#x03C9;&#x03C4;&#x03AE;&#x03C3;&#x03B5;&#x03B9;&#x03C2; &#x03C3;&#x03C5;&#x03BD;&#x03B4;&#x03C5;&#x03B1;&#x03C3;&#x03C4;&#x03B9;&#x03BA;&#x03AD;&#x03C2;</title>
		
      </item><item identifier="ITEM-027AE7DE-0EB0-4AA8-9961-2D1165292D26" identifierref="RES-812A157E-EF82-498A-911F-077171A7FB0B" isvisible="true">
        <title>&#x0395;&#x03C1;&#x03C9;&#x03C4;&#x03AE;&#x03C3;&#x03B5;&#x03B9;&#x03C2; &#x03BA;&#x03C1;&#x03AF;&#x03C3;&#x03B7;&#x03C2;</title>
		
      </item>
    </organization>
  </organizations>
  <resources>
    <resource identifier="RES-EF0026B8-CF27-48D5-9A47-83A5766E4143" type="webcontent" adlcp:scormtype="asset" href="Vravrona.htm">
      <file href="Vravrona.htm" />
	  
    </resource><resource identifier="RES-AF4A6732-1485-4F73-BF00-59EAE22C6FF6" type="webcontent" adlcp:scormtype="sco" href="Vravrona_i.htm">
      <file href="Vravrona_i.htm" />
	  
    </resource><resource identifier="RES-53ACA06C-B309-4DB8-A9AB-0A6BB5BE0B3E" type="webcontent" adlcp:scormtype="sco" href="Vravrona_ii.htm">
      <file href="Vravrona_ii.htm" />
	  
    </resource><resource identifier="RES-812A157E-EF82-498A-911F-077171A7FB0B" type="webcontent" adlcp:scormtype="sco" href="Vravrona_iii.htm">
      <file href="Vravrona_iii.htm" />
	  
    </resource>
	
  </resources>
</manifest>

